adapaxels,curse,406691:3987506
addadd,modrinth,5.0.1
adorn,modrinth,3.5.4-fabric
adventurez,curse,390991:3848727
akashic_tome_of_tools,curse,544237:3846159
amphitrite_coffer,curse,570256:3824287
animal_feeding_trough,curse,445838:3930081
artifacts,curse,401236:3843992
bclib,curse,495191:3858042
bedrockify,curse,403858:4027757
betteranimalsplus,curse,303557:3825878
better-combat,modrinth,1.4.4+1.19-fabric
betterend,curse,413596:3858053
betternether,curse,311377:3858045
birds_nests,curse,605908:3849393
bits_and_chisels,curse,420709:3841599
blossom,modrinth,Fabric-1.19-1.0.5
boat-container,curse,526274:3984803
cammies-minecart-tweaks,modrinth,1.6
camsbackpacks,curse,443091:3856035
carrier,curse,409184:3873675
chalk,modrinth,2.1.0
clickthrough,curse,405262:3907241
conjuring,curse,422310:3925603
croptosis,curse,437552:3823457
decorative-blocks,curse,362528:3941637
dehydration,curse,410830:3993700
disenchanter,curse,542473:3834435
dismount_entity,curse,531265:3821605
edenring,curse,546590:3946862
elytraboosters,curse,419731:3877636
enderchests,curse,564584:3888507
enderscape,modrinth,v0.3.4
expanded-delight,curse,620770:3939636
extendeddrawers,curse,616602:3860510
farmers-delight-fabric,curse,482834:3929781
friends-and-foes,curse,551364:4014343
go-fish,curse,431135:3956142
gobber,curse,427177:4025145
greater-eye-of-ender,curse,376207:4016668
half-doors,curse,596375:3931393
hookshot,curse,396512:3856033
interactic,curse,510974:3806227
inmis,curse,369254:3853651
macaws_bridges,curse,351725:3827954
macaws_doors,curse,378646:3930984
macaws_lights,curse,502372:3828169
macaws_roofs,curse,352039:3830468
macaws_windows,curse,363569:3830462
mob_catcher,curse,498389:4018462
more-banner-features,curse,515000:3820969
multibeds,curse,536608:3888508
patchouli,modrinth,1.19-73-fabric
pick_your_poison,curse,596706:3823621
platforms,curse,536610:3888513
ring_of_attraction,curse,377933:4013501
ring_of_enderchest,curse,376224:4016641
ring_of_teleport,curse,498353:4016634
simple-backpack,curse,383999:4016659
things,curse,456151:3825416
toms-storage-fabric,curse,396826:4012961
throwabletorch,curse,442917:3827896
travelers_backpack,curse,541171:3854544
trinkets,modrinth,3.4.0
vanillatweaks,curse,272637:3852609
voidz,curse,486971:3831065
waystones,curse,410902:4024931
youre-in-grave-danger,curse,544912:3995602